[
  {
    "id": 228610222,
    "title": "Cœur",
    "link": "https://www.deezer.com/album/228610222",
    "cover": "https://api.deezer.com/album/228610222/image",
    "cover_small": "https://cdns-images.dzcdn.net/images/cover/70bac812a0e9b7cf1d724d95d37ab490/56x56-000000-80-0-0.jpg",
    "cover_medium": "https://cdns-images.dzcdn.net/images/cover/70bac812a0e9b7cf1d724d95d37ab490/250x250-000000-80-0-0.jpg",
    "cover_big": "https://cdns-images.dzcdn.net/images/cover/70bac812a0e9b7cf1d724d95d37ab490/500x500-000000-80-0-0.jpg",
    "cover_xl": "https://cdns-images.dzcdn.net/images/cover/70bac812a0e9b7cf1d724d95d37ab490/1000x1000-000000-80-0-0.jpg",
    "md5_image": "70bac812a0e9b7cf1d724d95d37ab490",
    "record_type": "album",
    "tracklist": "https://api.deezer.com/album/228610222/tracks",
    "explicit_lyrics": false,
    "position": 1,
    "artist": {
      "id": 4889156,
      "name": "Clara Luciani",
      "link": "https://www.deezer.com/artist/4889156",
      "picture": "https://api.deezer.com/artist/4889156/image",
      "picture_small": "https://cdns-images.dzcdn.net/images/artist/ccc832c281c408a09ead0e0a2eae7451/56x56-000000-80-0-0.jpg",
      "picture_medium": "https://cdns-images.dzcdn.net/images/artist/ccc832c281c408a09ead0e0a2eae7451/250x250-000000-80-0-0.jpg",
      "picture_big": "https://cdns-images.dzcdn.net/images/artist/ccc832c281c408a09ead0e0a2eae7451/500x500-000000-80-0-0.jpg",
      "picture_xl": "https://cdns-images.dzcdn.net/images/artist/ccc832c281c408a09ead0e0a2eae7451/1000x1000-000000-80-0-0.jpg",
      "radio": true,
      "tracklist": "https://api.deezer.com/artist/4889156/top?limit=50",
      "type": "artist"
    },
    "type": "album"
  },
  {
    "id": 236731862,
    "title": "Culture III",
    "link": "https://www.deezer.com/album/236731862",
    "cover": "https://api.deezer.com/album/236731862/image",
    "cover_small": "https://cdns-images.dzcdn.net/images/cover/8e0bfe5eab416fcff62d5756bbcb9e8b/56x56-000000-80-0-0.jpg",
    "cover_medium": "https://cdns-images.dzcdn.net/images/cover/8e0bfe5eab416fcff62d5756bbcb9e8b/250x250-000000-80-0-0.jpg",
    "cover_big": "https://cdns-images.dzcdn.net/images/cover/8e0bfe5eab416fcff62d5756bbcb9e8b/500x500-000000-80-0-0.jpg",
    "cover_xl": "https://cdns-images.dzcdn.net/images/cover/8e0bfe5eab416fcff62d5756bbcb9e8b/1000x1000-000000-80-0-0.jpg",
    "md5_image": "8e0bfe5eab416fcff62d5756bbcb9e8b",
    "record_type": "album",
    "tracklist": "https://api.deezer.com/album/236731862/tracks",
    "explicit_lyrics": true,
    "position": 2,
    "artist": {
      "id": 4962010,
      "name": "Migos",
      "link": "https://www.deezer.com/artist/4962010",
      "picture": "https://api.deezer.com/artist/4962010/image",
      "picture_small": "https://cdns-images.dzcdn.net/images/artist/21599c672f6762217eb1a252427946ab/56x56-000000-80-0-0.jpg",
      "picture_medium": "https://cdns-images.dzcdn.net/images/artist/21599c672f6762217eb1a252427946ab/250x250-000000-80-0-0.jpg",
      "picture_big": "https://cdns-images.dzcdn.net/images/artist/21599c672f6762217eb1a252427946ab/500x500-000000-80-0-0.jpg",
      "picture_xl": "https://cdns-images.dzcdn.net/images/artist/21599c672f6762217eb1a252427946ab/1000x1000-000000-80-0-0.jpg",
      "radio": true,
      "tracklist": "https://api.deezer.com/artist/4962010/top?limit=50",
      "type": "artist"
    },
    "type": "album"
  },
  {
    "id": 230640832,
    "title": "Avec le temps",
    "link": "https://www.deezer.com/album/230640832",
    "cover": "https://api.deezer.com/album/230640832/image",
    "cover_small": "https://cdns-images.dzcdn.net/images/cover/7e57ff7f3a3a47d9942e675722ef5076/56x56-000000-80-0-0.jpg",
    "cover_medium": "https://cdns-images.dzcdn.net/images/cover/7e57ff7f3a3a47d9942e675722ef5076/250x250-000000-80-0-0.jpg",
    "cover_big": "https://cdns-images.dzcdn.net/images/cover/7e57ff7f3a3a47d9942e675722ef5076/500x500-000000-80-0-0.jpg",
    "cover_xl": "https://cdns-images.dzcdn.net/images/cover/7e57ff7f3a3a47d9942e675722ef5076/1000x1000-000000-80-0-0.jpg",
    "md5_image": "7e57ff7f3a3a47d9942e675722ef5076",
    "record_type": "album",
    "tracklist": "https://api.deezer.com/album/230640832/tracks",
    "explicit_lyrics": true,
    "position": 3,
    "artist": {
      "id": 5594859,
      "name": "Soso Maness",
      "link": "https://www.deezer.com/artist/5594859",
      "picture": "https://api.deezer.com/artist/5594859/image",
      "picture_small": "https://cdns-images.dzcdn.net/images/artist/218551e40776b71f0c24659ed061cfc2/56x56-000000-80-0-0.jpg",
      "picture_medium": "https://cdns-images.dzcdn.net/images/artist/218551e40776b71f0c24659ed061cfc2/250x250-000000-80-0-0.jpg",
      "picture_big": "https://cdns-images.dzcdn.net/images/artist/218551e40776b71f0c24659ed061cfc2/500x500-000000-80-0-0.jpg",
      "picture_xl": "https://cdns-images.dzcdn.net/images/artist/218551e40776b71f0c24659ed061cfc2/1000x1000-000000-80-0-0.jpg",
      "radio": true,
      "tracklist": "https://api.deezer.com/artist/5594859/top?limit=50",
      "type": "artist"
    },
    "type": "album"
  },
  {
    "id": 232671222,
    "title": "Etoile Noire",
    "link": "https://www.deezer.com/album/232671222",
    "cover": "https://api.deezer.com/album/232671222/image",
    "cover_small": "https://cdns-images.dzcdn.net/images/cover/7e2e311e6dd9d4c49a5ea1742127e394/56x56-000000-80-0-0.jpg",
    "cover_medium": "https://cdns-images.dzcdn.net/images/cover/7e2e311e6dd9d4c49a5ea1742127e394/250x250-000000-80-0-0.jpg",
    "cover_big": "https://cdns-images.dzcdn.net/images/cover/7e2e311e6dd9d4c49a5ea1742127e394/500x500-000000-80-0-0.jpg",
    "cover_xl": "https://cdns-images.dzcdn.net/images/cover/7e2e311e6dd9d4c49a5ea1742127e394/1000x1000-000000-80-0-0.jpg",
    "md5_image": "7e2e311e6dd9d4c49a5ea1742127e394",
    "record_type": "album",
    "tracklist": "https://api.deezer.com/album/232671222/tracks",
    "explicit_lyrics": true,
    "position": 4,
    "artist": {
      "id": 53325902,
      "name": "Luv Resval",
      "link": "https://www.deezer.com/artist/53325902",
      "picture": "https://api.deezer.com/artist/53325902/image",
      "picture_small": "https://cdns-images.dzcdn.net/images/artist/9d9eac75a6bf8e24d68b14b89144e7b0/56x56-000000-80-0-0.jpg",
      "picture_medium": "https://cdns-images.dzcdn.net/images/artist/9d9eac75a6bf8e24d68b14b89144e7b0/250x250-000000-80-0-0.jpg",
      "picture_big": "https://cdns-images.dzcdn.net/images/artist/9d9eac75a6bf8e24d68b14b89144e7b0/500x500-000000-80-0-0.jpg",
      "picture_xl": "https://cdns-images.dzcdn.net/images/artist/9d9eac75a6bf8e24d68b14b89144e7b0/1000x1000-000000-80-0-0.jpg",
      "radio": true,
      "tracklist": "https://api.deezer.com/artist/53325902/top?limit=50",
      "type": "artist"
    },
    "type": "album"
  },
  {
    "id": 231523302,
    "title": "Sofiane",
    "link": "https://www.deezer.com/album/231523302",
    "cover": "https://api.deezer.com/album/231523302/image",
    "cover_small": "https://cdns-images.dzcdn.net/images/cover/ecfbf5acb95ef4995fb04e539689d8e1/56x56-000000-80-0-0.jpg",
    "cover_medium": "https://cdns-images.dzcdn.net/images/cover/ecfbf5acb95ef4995fb04e539689d8e1/250x250-000000-80-0-0.jpg",
    "cover_big": "https://cdns-images.dzcdn.net/images/cover/ecfbf5acb95ef4995fb04e539689d8e1/500x500-000000-80-0-0.jpg",
    "cover_xl": "https://cdns-images.dzcdn.net/images/cover/ecfbf5acb95ef4995fb04e539689d8e1/1000x1000-000000-80-0-0.jpg",
    "md5_image": "ecfbf5acb95ef4995fb04e539689d8e1",
    "record_type": "album",
    "tracklist": "https://api.deezer.com/album/231523302/tracks",
    "explicit_lyrics": true,
    "position": 5,
    "artist": {
      "id": 6012232,
      "name": "Kamikaz",
      "link": "https://www.deezer.com/artist/6012232",
      "picture": "https://api.deezer.com/artist/6012232/image",
      "picture_small": "https://cdns-images.dzcdn.net/images/artist/4c4f3fbd9dbe38c00918f633a0e4a581/56x56-000000-80-0-0.jpg",
      "picture_medium": "https://cdns-images.dzcdn.net/images/artist/4c4f3fbd9dbe38c00918f633a0e4a581/250x250-000000-80-0-0.jpg",
      "picture_big": "https://cdns-images.dzcdn.net/images/artist/4c4f3fbd9dbe38c00918f633a0e4a581/500x500-000000-80-0-0.jpg",
      "picture_xl": "https://cdns-images.dzcdn.net/images/artist/4c4f3fbd9dbe38c00918f633a0e4a581/1000x1000-000000-80-0-0.jpg",
      "radio": true,
      "tracklist": "https://api.deezer.com/artist/6012232/top?limit=50",
      "type": "artist"
    },
    "type": "album"
  },
  {
    "id": 235655232,
    "title": "MELANCHOLIA 999",
    "link": "https://www.deezer.com/album/235655232",
    "cover": "https://api.deezer.com/album/235655232/image",
    "cover_small": "https://cdns-images.dzcdn.net/images/cover/217b3453b2cdc5172f6689269b6361d9/56x56-000000-80-0-0.jpg",
    "cover_medium": "https://cdns-images.dzcdn.net/images/cover/217b3453b2cdc5172f6689269b6361d9/250x250-000000-80-0-0.jpg",
    "cover_big": "https://cdns-images.dzcdn.net/images/cover/217b3453b2cdc5172f6689269b6361d9/500x500-000000-80-0-0.jpg",
    "cover_xl": "https://cdns-images.dzcdn.net/images/cover/217b3453b2cdc5172f6689269b6361d9/1000x1000-000000-80-0-0.jpg",
    "md5_image": "217b3453b2cdc5172f6689269b6361d9",
    "record_type": "album",
    "tracklist": "https://api.deezer.com/album/235655232/tracks",
    "explicit_lyrics": true,
    "position": 6,
    "artist": {
      "id": 15337813,
      "name": "Green Montana",
      "link": "https://www.deezer.com/artist/15337813",
      "picture": "https://api.deezer.com/artist/15337813/image",
      "picture_small": "https://cdns-images.dzcdn.net/images/artist/e5e771a3d947b35601be1b1ab5b62a81/56x56-000000-80-0-0.jpg",
      "picture_medium": "https://cdns-images.dzcdn.net/images/artist/e5e771a3d947b35601be1b1ab5b62a81/250x250-000000-80-0-0.jpg",
      "picture_big": "https://cdns-images.dzcdn.net/images/artist/e5e771a3d947b35601be1b1ab5b62a81/500x500-000000-80-0-0.jpg",
      "picture_xl": "https://cdns-images.dzcdn.net/images/artist/e5e771a3d947b35601be1b1ab5b62a81/1000x1000-000000-80-0-0.jpg",
      "radio": true,
      "tracklist": "https://api.deezer.com/artist/15337813/top?limit=50",
      "type": "artist"
    },
    "type": "album"
  },
  {
    "id": 231552772,
    "title": "SOUR",
    "link": "https://www.deezer.com/album/231552772",
    "cover": "https://api.deezer.com/album/231552772/image",
    "cover_small": "https://cdns-images.dzcdn.net/images/cover/e68da86fd7976135c2d2d1715afaef7c/56x56-000000-80-0-0.jpg",
    "cover_medium": "https://cdns-images.dzcdn.net/images/cover/e68da86fd7976135c2d2d1715afaef7c/250x250-000000-80-0-0.jpg",
    "cover_big": "https://cdns-images.dzcdn.net/images/cover/e68da86fd7976135c2d2d1715afaef7c/500x500-000000-80-0-0.jpg",
    "cover_xl": "https://cdns-images.dzcdn.net/images/cover/e68da86fd7976135c2d2d1715afaef7c/1000x1000-000000-80-0-0.jpg",
    "md5_image": "e68da86fd7976135c2d2d1715afaef7c",
    "record_type": "album",
    "tracklist": "https://api.deezer.com/album/231552772/tracks",
    "explicit_lyrics": true,
    "position": 7,
    "artist": {
      "id": 11152580,
      "name": "Olivia Rodrigo",
      "link": "https://www.deezer.com/artist/11152580",
      "picture": "https://api.deezer.com/artist/11152580/image",
      "picture_small": "https://cdns-images.dzcdn.net/images/artist/7e2efcc3fdbfaaed13b07d8c87929615/56x56-000000-80-0-0.jpg",
      "picture_medium": "https://cdns-images.dzcdn.net/images/artist/7e2efcc3fdbfaaed13b07d8c87929615/250x250-000000-80-0-0.jpg",
      "picture_big": "https://cdns-images.dzcdn.net/images/artist/7e2efcc3fdbfaaed13b07d8c87929615/500x500-000000-80-0-0.jpg",
      "picture_xl": "https://cdns-images.dzcdn.net/images/artist/7e2efcc3fdbfaaed13b07d8c87929615/1000x1000-000000-80-0-0.jpg",
      "radio": true,
      "tracklist": "https://api.deezer.com/artist/11152580/top?limit=50",
      "type": "artist"
    },
    "type": "album"
  },
  {
    "id": 236529752,
    "title": "JORDI (Deluxe)",
    "link": "https://www.deezer.com/album/236529752",
    "cover": "https://api.deezer.com/album/236529752/image",
    "cover_small": "https://cdns-images.dzcdn.net/images/cover/62d6f17a706ac04fdd3dccddfdb65653/56x56-000000-80-0-0.jpg",
    "cover_medium": "https://cdns-images.dzcdn.net/images/cover/62d6f17a706ac04fdd3dccddfdb65653/250x250-000000-80-0-0.jpg",
    "cover_big": "https://cdns-images.dzcdn.net/images/cover/62d6f17a706ac04fdd3dccddfdb65653/500x500-000000-80-0-0.jpg",
    "cover_xl": "https://cdns-images.dzcdn.net/images/cover/62d6f17a706ac04fdd3dccddfdb65653/1000x1000-000000-80-0-0.jpg",
    "md5_image": "62d6f17a706ac04fdd3dccddfdb65653",
    "record_type": "album",
    "tracklist": "https://api.deezer.com/album/236529752/tracks",
    "explicit_lyrics": true,
    "position": 8,
    "artist": {
      "id": 1188,
      "name": "Maroon 5",
      "link": "https://www.deezer.com/artist/1188",
      "picture": "https://api.deezer.com/artist/1188/image",
      "picture_small": "https://cdns-images.dzcdn.net/images/artist/eddadefa427450e30f91d9270481df2d/56x56-000000-80-0-0.jpg",
      "picture_medium": "https://cdns-images.dzcdn.net/images/artist/eddadefa427450e30f91d9270481df2d/250x250-000000-80-0-0.jpg",
      "picture_big": "https://cdns-images.dzcdn.net/images/artist/eddadefa427450e30f91d9270481df2d/500x500-000000-80-0-0.jpg",
      "picture_xl": "https://cdns-images.dzcdn.net/images/artist/eddadefa427450e30f91d9270481df2d/1000x1000-000000-80-0-0.jpg",
      "radio": true,
      "tracklist": "https://api.deezer.com/artist/1188/top?limit=50",
      "type": "artist"
    },
    "type": "album"
  },
  {
    "id": 236000062,
    "title": "Hall of Fame",
    "link": "https://www.deezer.com/album/236000062",
    "cover": "https://api.deezer.com/album/236000062/image",
    "cover_small": "https://cdns-images.dzcdn.net/images/cover/d54d4b0e4ba0552c1999fa47cf23dbd6/56x56-000000-80-0-0.jpg",
    "cover_medium": "https://cdns-images.dzcdn.net/images/cover/d54d4b0e4ba0552c1999fa47cf23dbd6/250x250-000000-80-0-0.jpg",
    "cover_big": "https://cdns-images.dzcdn.net/images/cover/d54d4b0e4ba0552c1999fa47cf23dbd6/500x500-000000-80-0-0.jpg",
    "cover_xl": "https://cdns-images.dzcdn.net/images/cover/d54d4b0e4ba0552c1999fa47cf23dbd6/1000x1000-000000-80-0-0.jpg",
    "md5_image": "d54d4b0e4ba0552c1999fa47cf23dbd6",
    "record_type": "album",
    "tracklist": "https://api.deezer.com/album/236000062/tracks",
    "explicit_lyrics": true,
    "position": 9,
    "artist": {
      "id": 49818632,
      "name": "POLO G",
      "link": "https://www.deezer.com/artist/49818632",
      "picture": "https://api.deezer.com/artist/49818632/image",
      "picture_small": "https://cdns-images.dzcdn.net/images/artist/8772af71756b76d4e902b836cd31068a/56x56-000000-80-0-0.jpg",
      "picture_medium": "https://cdns-images.dzcdn.net/images/artist/8772af71756b76d4e902b836cd31068a/250x250-000000-80-0-0.jpg",
      "picture_big": "https://cdns-images.dzcdn.net/images/artist/8772af71756b76d4e902b836cd31068a/500x500-000000-80-0-0.jpg",
      "picture_xl": "https://cdns-images.dzcdn.net/images/artist/8772af71756b76d4e902b836cd31068a/1000x1000-000000-80-0-0.jpg",
      "radio": true,
      "tracklist": "https://api.deezer.com/artist/49818632/top?limit=50",
      "type": "artist"
    },
    "type": "album"
  },
  {
    "id": 226285612,
    "title": "QALF infinity",
    "link": "https://www.deezer.com/album/226285612",
    "cover": "https://api.deezer.com/album/226285612/image",
    "cover_small": "https://cdns-images.dzcdn.net/images/cover/4f0d5db4f1519f59d5b2dd42554a42e1/56x56-000000-80-0-0.jpg",
    "cover_medium": "https://cdns-images.dzcdn.net/images/cover/4f0d5db4f1519f59d5b2dd42554a42e1/250x250-000000-80-0-0.jpg",
    "cover_big": "https://cdns-images.dzcdn.net/images/cover/4f0d5db4f1519f59d5b2dd42554a42e1/500x500-000000-80-0-0.jpg",
    "cover_xl": "https://cdns-images.dzcdn.net/images/cover/4f0d5db4f1519f59d5b2dd42554a42e1/1000x1000-000000-80-0-0.jpg",
    "md5_image": "4f0d5db4f1519f59d5b2dd42554a42e1",
    "record_type": "album",
    "tracklist": "https://api.deezer.com/album/226285612/tracks",
    "explicit_lyrics": true,
    "position": 10,
    "artist": {
      "id": 9197980,
      "name": "Damso",
      "link": "https://www.deezer.com/artist/9197980",
      "picture": "https://api.deezer.com/artist/9197980/image",
      "picture_small": "https://cdns-images.dzcdn.net/images/artist/f1a596b126611260994271ce4cb54bb0/56x56-000000-80-0-0.jpg",
      "picture_medium": "https://cdns-images.dzcdn.net/images/artist/f1a596b126611260994271ce4cb54bb0/250x250-000000-80-0-0.jpg",
      "picture_big": "https://cdns-images.dzcdn.net/images/artist/f1a596b126611260994271ce4cb54bb0/500x500-000000-80-0-0.jpg",
      "picture_xl": "https://cdns-images.dzcdn.net/images/artist/f1a596b126611260994271ce4cb54bb0/1000x1000-000000-80-0-0.jpg",
      "radio": true,
      "tracklist": "https://api.deezer.com/artist/9197980/top?limit=50",
      "type": "artist"
    },
    "type": "album"
  }
]