[
  {
    "id": 1191615,
    "name": "Jul",
    "link": "https://www.deezer.com/artist/1191615",
    "picture": "https://api.deezer.com/artist/1191615/image",
    "picture_small": "https://cdns-images.dzcdn.net/images/artist/bc62caffd1b9a8f721234722cf715fff/56x56-000000-80-0-0.jpg",
    "picture_medium": "https://cdns-images.dzcdn.net/images/artist/bc62caffd1b9a8f721234722cf715fff/250x250-000000-80-0-0.jpg",
    "picture_big": "https://cdns-images.dzcdn.net/images/artist/bc62caffd1b9a8f721234722cf715fff/500x500-000000-80-0-0.jpg",
    "picture_xl": "https://cdns-images.dzcdn.net/images/artist/bc62caffd1b9a8f721234722cf715fff/1000x1000-000000-80-0-0.jpg",
    "radio": true,
    "tracklist": "https://api.deezer.com/artist/1191615/top?limit=50",
    "position": 1,
    "type": "artist"
  },
  {
    "id": 5594859,
    "name": "Soso Maness",
    "link": "https://www.deezer.com/artist/5594859",
    "picture": "https://api.deezer.com/artist/5594859/image",
    "picture_small": "https://cdns-images.dzcdn.net/images/artist/218551e40776b71f0c24659ed061cfc2/56x56-000000-80-0-0.jpg",
    "picture_medium": "https://cdns-images.dzcdn.net/images/artist/218551e40776b71f0c24659ed061cfc2/250x250-000000-80-0-0.jpg",
    "picture_big": "https://cdns-images.dzcdn.net/images/artist/218551e40776b71f0c24659ed061cfc2/500x500-000000-80-0-0.jpg",
    "picture_xl": "https://cdns-images.dzcdn.net/images/artist/218551e40776b71f0c24659ed061cfc2/1000x1000-000000-80-0-0.jpg",
    "radio": true,
    "tracklist": "https://api.deezer.com/artist/5594859/top?limit=50",
    "position": 2,
    "type": "artist"
  },
  {
    "id": 4842061,
    "name": "Naps",
    "link": "https://www.deezer.com/artist/4842061",
    "picture": "https://api.deezer.com/artist/4842061/image",
    "picture_small": "https://cdns-images.dzcdn.net/images/artist/fbb7269c7bf6116e9e18a255ff951e92/56x56-000000-80-0-0.jpg",
    "picture_medium": "https://cdns-images.dzcdn.net/images/artist/fbb7269c7bf6116e9e18a255ff951e92/250x250-000000-80-0-0.jpg",
    "picture_big": "https://cdns-images.dzcdn.net/images/artist/fbb7269c7bf6116e9e18a255ff951e92/500x500-000000-80-0-0.jpg",
    "picture_xl": "https://cdns-images.dzcdn.net/images/artist/fbb7269c7bf6116e9e18a255ff951e92/1000x1000-000000-80-0-0.jpg",
    "radio": true,
    "tracklist": "https://api.deezer.com/artist/4842061/top?limit=50",
    "position": 3,
    "type": "artist"
  },
  {
    "id": 5542343,
    "name": "Ninho",
    "link": "https://www.deezer.com/artist/5542343",
    "picture": "https://api.deezer.com/artist/5542343/image",
    "picture_small": "https://cdns-images.dzcdn.net/images/artist/14b6d64846cf8ba2669eecad6a899e5a/56x56-000000-80-0-0.jpg",
    "picture_medium": "https://cdns-images.dzcdn.net/images/artist/14b6d64846cf8ba2669eecad6a899e5a/250x250-000000-80-0-0.jpg",
    "picture_big": "https://cdns-images.dzcdn.net/images/artist/14b6d64846cf8ba2669eecad6a899e5a/500x500-000000-80-0-0.jpg",
    "picture_xl": "https://cdns-images.dzcdn.net/images/artist/14b6d64846cf8ba2669eecad6a899e5a/1000x1000-000000-80-0-0.jpg",
    "radio": true,
    "tracklist": "https://api.deezer.com/artist/5542343/top?limit=50",
    "position": 4,
    "type": "artist"
  },
  {
    "id": 1479842,
    "name": "PLK",
    "link": "https://www.deezer.com/artist/1479842",
    "picture": "https://api.deezer.com/artist/1479842/image",
    "picture_small": "https://cdns-images.dzcdn.net/images/artist/b846b617886351fd9ca74b9802239b8e/56x56-000000-80-0-0.jpg",
    "picture_medium": "https://cdns-images.dzcdn.net/images/artist/b846b617886351fd9ca74b9802239b8e/250x250-000000-80-0-0.jpg",
    "picture_big": "https://cdns-images.dzcdn.net/images/artist/b846b617886351fd9ca74b9802239b8e/500x500-000000-80-0-0.jpg",
    "picture_xl": "https://cdns-images.dzcdn.net/images/artist/b846b617886351fd9ca74b9802239b8e/1000x1000-000000-80-0-0.jpg",
    "radio": true,
    "tracklist": "https://api.deezer.com/artist/1479842/top?limit=50",
    "position": 5,
    "type": "artist"
  },
  {
    "id": 162665,
    "name": "SCH",
    "link": "https://www.deezer.com/artist/162665",
    "picture": "https://api.deezer.com/artist/162665/image",
    "picture_small": "https://cdns-images.dzcdn.net/images/artist/922cdf66f8c433ded5a0e14e8df8507a/56x56-000000-80-0-0.jpg",
    "picture_medium": "https://cdns-images.dzcdn.net/images/artist/922cdf66f8c433ded5a0e14e8df8507a/250x250-000000-80-0-0.jpg",
    "picture_big": "https://cdns-images.dzcdn.net/images/artist/922cdf66f8c433ded5a0e14e8df8507a/500x500-000000-80-0-0.jpg",
    "picture_xl": "https://cdns-images.dzcdn.net/images/artist/922cdf66f8c433ded5a0e14e8df8507a/1000x1000-000000-80-0-0.jpg",
    "radio": true,
    "tracklist": "https://api.deezer.com/artist/162665/top?limit=50",
    "position": 6,
    "type": "artist"
  },
  {
    "id": 9197980,
    "name": "Damso",
    "link": "https://www.deezer.com/artist/9197980",
    "picture": "https://api.deezer.com/artist/9197980/image",
    "picture_small": "https://cdns-images.dzcdn.net/images/artist/f1a596b126611260994271ce4cb54bb0/56x56-000000-80-0-0.jpg",
    "picture_medium": "https://cdns-images.dzcdn.net/images/artist/f1a596b126611260994271ce4cb54bb0/250x250-000000-80-0-0.jpg",
    "picture_big": "https://cdns-images.dzcdn.net/images/artist/f1a596b126611260994271ce4cb54bb0/500x500-000000-80-0-0.jpg",
    "picture_xl": "https://cdns-images.dzcdn.net/images/artist/f1a596b126611260994271ce4cb54bb0/1000x1000-000000-80-0-0.jpg",
    "radio": true,
    "tracklist": "https://api.deezer.com/artist/9197980/top?limit=50",
    "position": 7,
    "type": "artist"
  },
  {
    "id": 390,
    "name": "Booba",
    "link": "https://www.deezer.com/artist/390",
    "picture": "https://api.deezer.com/artist/390/image",
    "picture_small": "https://cdns-images.dzcdn.net/images/artist/38b687e97c6874e744d305ef2ca8d0d0/56x56-000000-80-0-0.jpg",
    "picture_medium": "https://cdns-images.dzcdn.net/images/artist/38b687e97c6874e744d305ef2ca8d0d0/250x250-000000-80-0-0.jpg",
    "picture_big": "https://cdns-images.dzcdn.net/images/artist/38b687e97c6874e744d305ef2ca8d0d0/500x500-000000-80-0-0.jpg",
    "picture_xl": "https://cdns-images.dzcdn.net/images/artist/38b687e97c6874e744d305ef2ca8d0d0/1000x1000-000000-80-0-0.jpg",
    "radio": true,
    "tracklist": "https://api.deezer.com/artist/390/top?limit=50",
    "position": 8,
    "type": "artist"
  },
  {
    "id": 9930130,
    "name": "Djadja & Dinaz",
    "link": "https://www.deezer.com/artist/9930130",
    "picture": "https://api.deezer.com/artist/9930130/image",
    "picture_small": "https://cdns-images.dzcdn.net/images/artist/d61f9f114d27663a91c05ea59c61c7a8/56x56-000000-80-0-0.jpg",
    "picture_medium": "https://cdns-images.dzcdn.net/images/artist/d61f9f114d27663a91c05ea59c61c7a8/250x250-000000-80-0-0.jpg",
    "picture_big": "https://cdns-images.dzcdn.net/images/artist/d61f9f114d27663a91c05ea59c61c7a8/500x500-000000-80-0-0.jpg",
    "picture_xl": "https://cdns-images.dzcdn.net/images/artist/d61f9f114d27663a91c05ea59c61c7a8/1000x1000-000000-80-0-0.jpg",
    "radio": true,
    "tracklist": "https://api.deezer.com/artist/9930130/top?limit=50",
    "position": 9,
    "type": "artist"
  },
  {
    "id": 4889156,
    "name": "Clara Luciani",
    "link": "https://www.deezer.com/artist/4889156",
    "picture": "https://api.deezer.com/artist/4889156/image",
    "picture_small": "https://cdns-images.dzcdn.net/images/artist/ccc832c281c408a09ead0e0a2eae7451/56x56-000000-80-0-0.jpg",
    "picture_medium": "https://cdns-images.dzcdn.net/images/artist/ccc832c281c408a09ead0e0a2eae7451/250x250-000000-80-0-0.jpg",
    "picture_big": "https://cdns-images.dzcdn.net/images/artist/ccc832c281c408a09ead0e0a2eae7451/500x500-000000-80-0-0.jpg",
    "picture_xl": "https://cdns-images.dzcdn.net/images/artist/ccc832c281c408a09ead0e0a2eae7451/1000x1000-000000-80-0-0.jpg",
    "radio": true,
    "tracklist": "https://api.deezer.com/artist/4889156/top?limit=50",
    "position": 10,
    "type": "artist"
  }
]