{
  "moral": {
    "id": "7451807244",
    "title": "C'est bon pour le moral",
    "description": "Pour que les friendos gardent la pêche et que leur moral ne soit pas daubé pendant le confinement",
    "duration": 15388,
    "public": true,
    "is_loved_track": false,
    "collaborative": true,
    "nb_tracks": 72,
    "fans": 10,
    "link": "https://www.deezer.com/playlist/7451807244",
    "share": "https://www.deezer.com/playlist/7451807244?utm_source=deezer&utm_content=playlist-7451807244&utm_term=0_1623770740&utm_medium=web",
    "picture": "https://api.deezer.com/playlist/7451807244/image",
    "picture_small": "https://cdns-images.dzcdn.net/images/cover/1e1883d47e9e07a3b6dbf5c9249452d8-b8b70d474b7a8f27799e0d665e9b737e-bba1cf7653b46ccdcfc9fb1aa81c6c8d-e86fddd1fe4ac0a765653ed1e0ad35d2/56x56-000000-80-0-0.jpg",
    "picture_medium": "https://cdns-images.dzcdn.net/images/cover/1e1883d47e9e07a3b6dbf5c9249452d8-b8b70d474b7a8f27799e0d665e9b737e-bba1cf7653b46ccdcfc9fb1aa81c6c8d-e86fddd1fe4ac0a765653ed1e0ad35d2/250x250-000000-80-0-0.jpg",
    "picture_big": "https://cdns-images.dzcdn.net/images/cover/1e1883d47e9e07a3b6dbf5c9249452d8-b8b70d474b7a8f27799e0d665e9b737e-bba1cf7653b46ccdcfc9fb1aa81c6c8d-e86fddd1fe4ac0a765653ed1e0ad35d2/500x500-000000-80-0-0.jpg",
    "picture_xl": "https://cdns-images.dzcdn.net/images/cover/1e1883d47e9e07a3b6dbf5c9249452d8-b8b70d474b7a8f27799e0d665e9b737e-bba1cf7653b46ccdcfc9fb1aa81c6c8d-e86fddd1fe4ac0a765653ed1e0ad35d2/1000x1000-000000-80-0-0.jpg",
    "checksum": "7a8eef8da6bcd2516c7b88f43ef7c499",
    "tracklist": "https://api.deezer.com/playlist/7451807244/tracks",
    "creation_date": "2020-03-30 11:54:15",
    "md5_image": "1e1883d47e9e07a3b6dbf5c9249452d8-b8b70d474b7a8f27799e0d665e9b737e-bba1cf7653b46ccdcfc9fb1aa81c6c8d-e86fddd1fe4ac0a765653ed1e0ad35d2",
    "picture_type": "cover",
    "creator": {
      "id": "1357170884",
      "name": "Pauline",
      "tracklist": "https://api.deezer.com/user/1357170884/flow",
      "type": "user"
    },
    "type": "playlist"
  },
  "forme": {
    "id": "1479458365",
    "title": "Happy Hits",
    "description": "Feel-good hits to give you a boost when needed!",
    "duration": 13665,
    "public": true,
    "is_loved_track": false,
    "collaborative": false,
    "nb_tracks": 71,
    "fans": 258688,
    "link": "https://www.deezer.com/playlist/1479458365",
    "share": "https://www.deezer.com/playlist/1479458365?utm_source=deezer&utm_content=playlist-1479458365&utm_term=0_1623770921&utm_medium=web",
    "picture": "https://api.deezer.com/playlist/1479458365/image",
    "picture_small": "https://cdns-images.dzcdn.net/images/playlist/1641bbe1a519032a1e38908aaf5fe7ae/56x56-000000-80-0-0.jpg",
    "picture_medium": "https://cdns-images.dzcdn.net/images/playlist/1641bbe1a519032a1e38908aaf5fe7ae/250x250-000000-80-0-0.jpg",
    "picture_big": "https://cdns-images.dzcdn.net/images/playlist/1641bbe1a519032a1e38908aaf5fe7ae/500x500-000000-80-0-0.jpg",
    "picture_xl": "https://cdns-images.dzcdn.net/images/playlist/1641bbe1a519032a1e38908aaf5fe7ae/1000x1000-000000-80-0-0.jpg",
    "checksum": "2166e9d7792f8f533269621e6d2c2870",
    "tracklist": "https://api.deezer.com/playlist/1479458365/tracks",
    "creation_date": "2015-12-02 11:41:53",
    "md5_image": "1641bbe1a519032a1e38908aaf5fe7ae",
    "picture_type": "playlist",
    "creator": {
      "id": "846571671",
      "name": "Alice - Deezer Moods Editor",
      "tracklist": "https://api.deezer.com/user/846571671/flow",
      "type": "user"
    },
    "type": "playlist"
  },
  "ete": {
    "id": "932386265",
    "title": "Hits de l'été",
    "description": "Tous les tubes incontournables de l’été sont ici.",
    "duration": 9135,
    "public": true,
    "is_loved_track": false,
    "collaborative": false,
    "nb_tracks": 50,
    "fans": 89869,
    "link": "https://www.deezer.com/playlist/932386265",
    "share": "https://www.deezer.com/playlist/932386265?utm_source=deezer&utm_content=playlist-932386265&utm_term=0_1623770990&utm_medium=web",
    "picture": "https://api.deezer.com/playlist/932386265/image",
    "picture_small": "https://cdns-images.dzcdn.net/images/playlist/7cb41b93362c84def60480743f567088/56x56-000000-80-0-0.jpg",
    "picture_medium": "https://cdns-images.dzcdn.net/images/playlist/7cb41b93362c84def60480743f567088/250x250-000000-80-0-0.jpg",
    "picture_big": "https://cdns-images.dzcdn.net/images/playlist/7cb41b93362c84def60480743f567088/500x500-000000-80-0-0.jpg",
    "picture_xl": "https://cdns-images.dzcdn.net/images/playlist/7cb41b93362c84def60480743f567088/1000x1000-000000-80-0-0.jpg",
    "checksum": "0aac62a27169b4e379bc7fa3607cd62c",
    "tracklist": "https://api.deezer.com/playlist/932386265/tracks",
    "creation_date": "2014-07-18 13:17:51",
    "md5_image": "7cb41b93362c84def60480743f567088",
    "picture_type": "playlist",
    "creator": {
      "id": "1687950",
      "name": "Alexandre -Deezer Editeur France",
      "tracklist": "https://api.deezer.com/user/1687950/flow",
      "type": "user"
    },
    "type": "playlist"
  },
  "dance": {
    "id": "4044506282",
    "title": "musique pour danser",
    "description": "",
    "duration": 53704,
    "public": true,
    "is_loved_track": false,
    "collaborative": false,
    "nb_tracks": 248,
    "fans": 460,
    "link": "https://www.deezer.com/playlist/4044506282",
    "share": "https://www.deezer.com/playlist/4044506282?utm_source=deezer&utm_content=playlist-4044506282&utm_term=0_1623771088&utm_medium=web",
    "picture": "https://api.deezer.com/playlist/4044506282/image",
    "picture_small": "https://cdns-images.dzcdn.net/images/cover/7e21841a18a9c0fccd054bcc5b112474-ac34e651c1466a7e93fa35cd83e804ca-efea29dd03932fa4365381f1f98c542b-b8af7ff13a47e2775307299843da9b36/56x56-000000-80-0-0.jpg",
    "picture_medium": "https://cdns-images.dzcdn.net/images/cover/7e21841a18a9c0fccd054bcc5b112474-ac34e651c1466a7e93fa35cd83e804ca-efea29dd03932fa4365381f1f98c542b-b8af7ff13a47e2775307299843da9b36/250x250-000000-80-0-0.jpg",
    "picture_big": "https://cdns-images.dzcdn.net/images/cover/7e21841a18a9c0fccd054bcc5b112474-ac34e651c1466a7e93fa35cd83e804ca-efea29dd03932fa4365381f1f98c542b-b8af7ff13a47e2775307299843da9b36/500x500-000000-80-0-0.jpg",
    "picture_xl": "https://cdns-images.dzcdn.net/images/cover/7e21841a18a9c0fccd054bcc5b112474-ac34e651c1466a7e93fa35cd83e804ca-efea29dd03932fa4365381f1f98c542b-b8af7ff13a47e2775307299843da9b36/1000x1000-000000-80-0-0.jpg",
    "checksum": "ee862c912774be517aa24c18ee24f6ca",
    "tracklist": "https://api.deezer.com/playlist/4044506282/tracks",
    "creation_date": "2018-01-17 20:35:40",
    "md5_image": "7e21841a18a9c0fccd054bcc5b112474-ac34e651c1466a7e93fa35cd83e804ca-efea29dd03932fa4365381f1f98c542b-b8af7ff13a47e2775307299843da9b36",
    "picture_type": "cover",
    "creator": {
      "id": "1903623282",
      "name": "Tess",
      "tracklist": "https://api.deezer.com/user/1903623282/flow",
      "type": "user"
    },
    "type": "playlist"
  },
  "anx": {
    "id": "1195092841",
    "title": "Rester ZEN",
    "description": "Laissez tout de côté, fermez les yeux, la musique s'occupe du reste.",
    "duration": 18490,
    "public": true,
    "is_loved_track": false,
    "collaborative": false,
    "nb_tracks": 90,
    "fans": 44876,
    "link": "https://www.deezer.com/playlist/1195092841",
    "share": "https://www.deezer.com/playlist/1195092841?utm_source=deezer&utm_content=playlist-1195092841&utm_term=0_1623771144&utm_medium=web",
    "picture": "https://api.deezer.com/playlist/1195092841/image",
    "picture_small": "https://cdns-images.dzcdn.net/images/playlist/f6bebbb2b63e13b9080fdd1bad76cad9/56x56-000000-80-0-0.jpg",
    "picture_medium": "https://cdns-images.dzcdn.net/images/playlist/f6bebbb2b63e13b9080fdd1bad76cad9/250x250-000000-80-0-0.jpg",
    "picture_big": "https://cdns-images.dzcdn.net/images/playlist/f6bebbb2b63e13b9080fdd1bad76cad9/500x500-000000-80-0-0.jpg",
    "picture_xl": "https://cdns-images.dzcdn.net/images/playlist/f6bebbb2b63e13b9080fdd1bad76cad9/1000x1000-000000-80-0-0.jpg",
    "checksum": "21203c26bbeb6985f84d970a25ac197b",
    "tracklist": "https://api.deezer.com/playlist/1195092841/tracks",
    "creation_date": "2015-04-01 12:53:59",
    "md5_image": "f6bebbb2b63e13b9080fdd1bad76cad9",
    "picture_type": "playlist",
    "creator": {
      "id": "1141175982",
      "name": "Deezer Editeurs France",
      "tracklist": "https://api.deezer.com/user/1141175982/flow",
      "type": "user"
    },
    "type": "playlist"
  }
}