[
  {
    "id": 53362031,
    "title": "Les titres du moment",
    "public": true,
    "nb_tracks": 70,
    "link": "https://www.deezer.com/playlist/53362031",
    "picture": "https://api.deezer.com/playlist/53362031/image",
    "picture_small": "https://cdns-images.dzcdn.net/images/playlist/bab02bc26832e223fe4a8c8ca54c6521/56x56-000000-80-0-0.jpg",
    "picture_medium": "https://cdns-images.dzcdn.net/images/playlist/bab02bc26832e223fe4a8c8ca54c6521/250x250-000000-80-0-0.jpg",
    "picture_big": "https://cdns-images.dzcdn.net/images/playlist/bab02bc26832e223fe4a8c8ca54c6521/500x500-000000-80-0-0.jpg",
    "picture_xl": "https://cdns-images.dzcdn.net/images/playlist/bab02bc26832e223fe4a8c8ca54c6521/1000x1000-000000-80-0-0.jpg",
    "checksum": "a50ffc74889615138cb053ae7304460e",
    "tracklist": "https://api.deezer.com/playlist/53362031/tracks",
    "creation_date": "2017-05-17 12:12:00",
    "md5_image": "bab02bc26832e223fe4a8c8ca54c6521",
    "picture_type": "playlist",
    "user": {
      "id": 1687950,
      "name": "Alexandre -Deezer Editeur France",
      "tracklist": "https://api.deezer.com/user/1687950/flow",
      "type": "user"
    },
    "type": "playlist"
  },
  {
    "id": 3272614282,
    "title": "Rapstars",
    "public": true,
    "nb_tracks": 50,
    "link": "https://www.deezer.com/playlist/3272614282",
    "picture": "https://api.deezer.com/playlist/3272614282/image",
    "picture_small": "https://cdns-images.dzcdn.net/images/playlist/0fa1b4cdd0f0292ae82dd8246135ab43/56x56-000000-80-0-0.jpg",
    "picture_medium": "https://cdns-images.dzcdn.net/images/playlist/0fa1b4cdd0f0292ae82dd8246135ab43/250x250-000000-80-0-0.jpg",
    "picture_big": "https://cdns-images.dzcdn.net/images/playlist/0fa1b4cdd0f0292ae82dd8246135ab43/500x500-000000-80-0-0.jpg",
    "picture_xl": "https://cdns-images.dzcdn.net/images/playlist/0fa1b4cdd0f0292ae82dd8246135ab43/1000x1000-000000-80-0-0.jpg",
    "checksum": "82720d632ffdfd526fe642af441f6b29",
    "tracklist": "https://api.deezer.com/playlist/3272614282/tracks",
    "creation_date": "2017-06-19 12:08:54",
    "md5_image": "0fa1b4cdd0f0292ae82dd8246135ab43",
    "picture_type": "playlist",
    "user": {
      "id": 2960047984,
      "name": "Narjes - Deezer Rap France",
      "tracklist": "https://api.deezer.com/user/2960047984/flow",
      "type": "user"
    },
    "type": "playlist"
  },
  {
    "id": 1071669561,
    "title": "Actu Rap",
    "public": true,
    "nb_tracks": 50,
    "link": "https://www.deezer.com/playlist/1071669561",
    "picture": "https://api.deezer.com/playlist/1071669561/image",
    "picture_small": "https://cdns-images.dzcdn.net/images/playlist/118dd2e781edf926d1f2a72c55031ae8/56x56-000000-80-0-0.jpg",
    "picture_medium": "https://cdns-images.dzcdn.net/images/playlist/118dd2e781edf926d1f2a72c55031ae8/250x250-000000-80-0-0.jpg",
    "picture_big": "https://cdns-images.dzcdn.net/images/playlist/118dd2e781edf926d1f2a72c55031ae8/500x500-000000-80-0-0.jpg",
    "picture_xl": "https://cdns-images.dzcdn.net/images/playlist/118dd2e781edf926d1f2a72c55031ae8/1000x1000-000000-80-0-0.jpg",
    "checksum": "58e4f132b79e48e1033a5e91e0afb9e0",
    "tracklist": "https://api.deezer.com/playlist/1071669561/tracks",
    "creation_date": "2014-12-08 15:21:57",
    "md5_image": "118dd2e781edf926d1f2a72c55031ae8",
    "picture_type": "playlist",
    "user": {
      "id": 2960047984,
      "name": "Narjes - Deezer Rap France",
      "tracklist": "https://api.deezer.com/user/2960047984/flow",
      "type": "user"
    },
    "type": "playlist"
  },
  {
    "id": 1479458365,
    "title": "Happy Hits",
    "public": true,
    "nb_tracks": 71,
    "link": "https://www.deezer.com/playlist/1479458365",
    "picture": "https://api.deezer.com/playlist/1479458365/image",
    "picture_small": "https://cdns-images.dzcdn.net/images/playlist/1641bbe1a519032a1e38908aaf5fe7ae/56x56-000000-80-0-0.jpg",
    "picture_medium": "https://cdns-images.dzcdn.net/images/playlist/1641bbe1a519032a1e38908aaf5fe7ae/250x250-000000-80-0-0.jpg",
    "picture_big": "https://cdns-images.dzcdn.net/images/playlist/1641bbe1a519032a1e38908aaf5fe7ae/500x500-000000-80-0-0.jpg",
    "picture_xl": "https://cdns-images.dzcdn.net/images/playlist/1641bbe1a519032a1e38908aaf5fe7ae/1000x1000-000000-80-0-0.jpg",
    "checksum": "2166e9d7792f8f533269621e6d2c2870",
    "tracklist": "https://api.deezer.com/playlist/1479458365/tracks",
    "creation_date": "2015-12-02 11:41:53",
    "md5_image": "1641bbe1a519032a1e38908aaf5fe7ae",
    "picture_type": "playlist",
    "user": {
      "id": 846571671,
      "name": "Alice - Deezer Moods Editor",
      "tracklist": "https://api.deezer.com/user/846571671/flow",
      "type": "user"
    },
    "type": "playlist"
  },
  {
    "id": 1363560485,
    "title": "Deezer Hits",
    "public": true,
    "nb_tracks": 50,
    "link": "https://www.deezer.com/playlist/1363560485",
    "picture": "https://api.deezer.com/playlist/1363560485/image",
    "picture_small": "https://cdns-images.dzcdn.net/images/playlist/d128716caafbb1fe26940395f888d058/56x56-000000-80-0-0.jpg",
    "picture_medium": "https://cdns-images.dzcdn.net/images/playlist/d128716caafbb1fe26940395f888d058/250x250-000000-80-0-0.jpg",
    "picture_big": "https://cdns-images.dzcdn.net/images/playlist/d128716caafbb1fe26940395f888d058/500x500-000000-80-0-0.jpg",
    "picture_xl": "https://cdns-images.dzcdn.net/images/playlist/d128716caafbb1fe26940395f888d058/1000x1000-000000-80-0-0.jpg",
    "checksum": "95cbf3b3bf0710d725dc8f7ea1ac02e6",
    "tracklist": "https://api.deezer.com/playlist/1363560485/tracks",
    "creation_date": "2015-09-04 15:57:23",
    "md5_image": "d128716caafbb1fe26940395f888d058",
    "picture_type": "playlist",
    "user": {
      "id": 1687950,
      "name": "Alexandre -Deezer Editeur France",
      "tracklist": "https://api.deezer.com/user/1687950/flow",
      "type": "user"
    },
    "type": "playlist"
  },
  {
    "id": 1154685481,
    "title": "Sport Motivation",
    "public": true,
    "nb_tracks": 70,
    "link": "https://www.deezer.com/playlist/1154685481",
    "picture": "https://api.deezer.com/playlist/1154685481/image",
    "picture_small": "https://cdns-images.dzcdn.net/images/playlist/67e1507569c588c571bb8706f0f749f3/56x56-000000-80-0-0.jpg",
    "picture_medium": "https://cdns-images.dzcdn.net/images/playlist/67e1507569c588c571bb8706f0f749f3/250x250-000000-80-0-0.jpg",
    "picture_big": "https://cdns-images.dzcdn.net/images/playlist/67e1507569c588c571bb8706f0f749f3/500x500-000000-80-0-0.jpg",
    "picture_xl": "https://cdns-images.dzcdn.net/images/playlist/67e1507569c588c571bb8706f0f749f3/1000x1000-000000-80-0-0.jpg",
    "checksum": "83f81dfbe329a2c1ca7a0e538b2487e2",
    "tracklist": "https://api.deezer.com/playlist/1154685481/tracks",
    "creation_date": "2015-02-18 14:57:42",
    "md5_image": "67e1507569c588c571bb8706f0f749f3",
    "picture_type": "playlist",
    "user": {
      "id": 1141175982,
      "name": "Deezer Editeurs France",
      "tracklist": "https://api.deezer.com/user/1141175982/flow",
      "type": "user"
    },
    "type": "playlist"
  },
  {
    "id": 1684051791,
    "title": "Carré VIP",
    "public": true,
    "nb_tracks": 50,
    "link": "https://www.deezer.com/playlist/1684051791",
    "picture": "https://api.deezer.com/playlist/1684051791/image",
    "picture_small": "https://cdns-images.dzcdn.net/images/playlist/459ac9dd7e7d1a029b6fd4998cefab99/56x56-000000-80-0-0.jpg",
    "picture_medium": "https://cdns-images.dzcdn.net/images/playlist/459ac9dd7e7d1a029b6fd4998cefab99/250x250-000000-80-0-0.jpg",
    "picture_big": "https://cdns-images.dzcdn.net/images/playlist/459ac9dd7e7d1a029b6fd4998cefab99/500x500-000000-80-0-0.jpg",
    "picture_xl": "https://cdns-images.dzcdn.net/images/playlist/459ac9dd7e7d1a029b6fd4998cefab99/1000x1000-000000-80-0-0.jpg",
    "checksum": "7669ba2ffe4762b80bc22d8140f1bc95",
    "tracklist": "https://api.deezer.com/playlist/1684051791/tracks",
    "creation_date": "2016-03-22 16:04:45",
    "md5_image": "459ac9dd7e7d1a029b6fd4998cefab99",
    "picture_type": "playlist",
    "user": {
      "id": 2960047984,
      "name": "Narjes - Deezer Rap France",
      "tracklist": "https://api.deezer.com/user/2960047984/flow",
      "type": "user"
    },
    "type": "playlist"
  },
  {
    "id": 3830830902,
    "title": "Certifié",
    "public": true,
    "nb_tracks": 50,
    "link": "https://www.deezer.com/playlist/3830830902",
    "picture": "https://api.deezer.com/playlist/3830830902/image",
    "picture_small": "https://cdns-images.dzcdn.net/images/playlist/a77cb81619d520986f1143e0db194c52/56x56-000000-80-0-0.jpg",
    "picture_medium": "https://cdns-images.dzcdn.net/images/playlist/a77cb81619d520986f1143e0db194c52/250x250-000000-80-0-0.jpg",
    "picture_big": "https://cdns-images.dzcdn.net/images/playlist/a77cb81619d520986f1143e0db194c52/500x500-000000-80-0-0.jpg",
    "picture_xl": "https://cdns-images.dzcdn.net/images/playlist/a77cb81619d520986f1143e0db194c52/1000x1000-000000-80-0-0.jpg",
    "checksum": "27a5fe0c6984343293d96e52365be239",
    "tracklist": "https://api.deezer.com/playlist/3830830902/tracks",
    "creation_date": "2017-11-22 18:34:24",
    "md5_image": "a77cb81619d520986f1143e0db194c52",
    "picture_type": "playlist",
    "user": {
      "id": 2960047984,
      "name": "Narjes - Deezer Rap France",
      "tracklist": "https://api.deezer.com/user/2960047984/flow",
      "type": "user"
    },
    "type": "playlist"
  },
  {
    "id": 1290316405,
    "title": "Chill relax",
    "public": true,
    "nb_tracks": 100,
    "link": "https://www.deezer.com/playlist/1290316405",
    "picture": "https://api.deezer.com/playlist/1290316405/image",
    "picture_small": "https://cdns-images.dzcdn.net/images/playlist/50009bbedec30498e44f28e5e01777f7/56x56-000000-80-0-0.jpg",
    "picture_medium": "https://cdns-images.dzcdn.net/images/playlist/50009bbedec30498e44f28e5e01777f7/250x250-000000-80-0-0.jpg",
    "picture_big": "https://cdns-images.dzcdn.net/images/playlist/50009bbedec30498e44f28e5e01777f7/500x500-000000-80-0-0.jpg",
    "picture_xl": "https://cdns-images.dzcdn.net/images/playlist/50009bbedec30498e44f28e5e01777f7/1000x1000-000000-80-0-0.jpg",
    "checksum": "18fafb2ed1fa4898f7259784370a6fcf",
    "tracklist": "https://api.deezer.com/playlist/1290316405/tracks",
    "creation_date": "2015-07-02 15:01:29",
    "md5_image": "50009bbedec30498e44f28e5e01777f7",
    "picture_type": "playlist",
    "user": {
      "id": 1141175982,
      "name": "Deezer Editeurs France",
      "tracklist": "https://api.deezer.com/user/1141175982/flow",
      "type": "user"
    },
    "type": "playlist"
  },
  {
    "id": 932386265,
    "title": "Hits de l'été",
    "public": true,
    "nb_tracks": 50,
    "link": "https://www.deezer.com/playlist/932386265",
    "picture": "https://api.deezer.com/playlist/932386265/image",
    "picture_small": "https://cdns-images.dzcdn.net/images/playlist/7cb41b93362c84def60480743f567088/56x56-000000-80-0-0.jpg",
    "picture_medium": "https://cdns-images.dzcdn.net/images/playlist/7cb41b93362c84def60480743f567088/250x250-000000-80-0-0.jpg",
    "picture_big": "https://cdns-images.dzcdn.net/images/playlist/7cb41b93362c84def60480743f567088/500x500-000000-80-0-0.jpg",
    "picture_xl": "https://cdns-images.dzcdn.net/images/playlist/7cb41b93362c84def60480743f567088/1000x1000-000000-80-0-0.jpg",
    "checksum": "0aac62a27169b4e379bc7fa3607cd62c",
    "tracklist": "https://api.deezer.com/playlist/932386265/tracks",
    "creation_date": "2014-07-18 13:17:51",
    "md5_image": "7cb41b93362c84def60480743f567088",
    "picture_type": "playlist",
    "user": {
      "id": 1687950,
      "name": "Alexandre -Deezer Editeur France",
      "tracklist": "https://api.deezer.com/user/1687950/flow",
      "type": "user"
    },
    "type": "playlist"
  }
]