[
  {
    "id": 1374440512,
    "title": "Petrouchka (feat. PLK)",
    "title_short": "Petrouchka (feat. PLK)",
    "title_version": "",
    "link": "https://www.deezer.com/track/1374440512",
    "duration": 189,
    "rank": 999720,
    "explicit_lyrics": true,
    "explicit_content_lyrics": 0,
    "explicit_content_cover": 0,
    "preview": "https://cdns-preview-6.dzcdn.net/stream/c-6ac231030687d06e311167db8c686bd9-3.mp3",
    "md5_image": "7e57ff7f3a3a47d9942e675722ef5076",
    "position": 1,
    "artist": {
      "id": 5594859,
      "name": "Soso Maness",
      "link": "https://www.deezer.com/artist/5594859",
      "picture": "https://api.deezer.com/artist/5594859/image",
      "picture_small": "https://cdns-images.dzcdn.net/images/artist/218551e40776b71f0c24659ed061cfc2/56x56-000000-80-0-0.jpg",
      "picture_medium": "https://cdns-images.dzcdn.net/images/artist/218551e40776b71f0c24659ed061cfc2/250x250-000000-80-0-0.jpg",
      "picture_big": "https://cdns-images.dzcdn.net/images/artist/218551e40776b71f0c24659ed061cfc2/500x500-000000-80-0-0.jpg",
      "picture_xl": "https://cdns-images.dzcdn.net/images/artist/218551e40776b71f0c24659ed061cfc2/1000x1000-000000-80-0-0.jpg",
      "radio": true,
      "tracklist": "https://api.deezer.com/artist/5594859/top?limit=50",
      "type": "artist"
    },
    "album": {
      "id": 230640832,
      "title": "Avec le temps",
      "cover": "https://api.deezer.com/album/230640832/image",
      "cover_small": "https://cdns-images.dzcdn.net/images/cover/7e57ff7f3a3a47d9942e675722ef5076/56x56-000000-80-0-0.jpg",
      "cover_medium": "https://cdns-images.dzcdn.net/images/cover/7e57ff7f3a3a47d9942e675722ef5076/250x250-000000-80-0-0.jpg",
      "cover_big": "https://cdns-images.dzcdn.net/images/cover/7e57ff7f3a3a47d9942e675722ef5076/500x500-000000-80-0-0.jpg",
      "cover_xl": "https://cdns-images.dzcdn.net/images/cover/7e57ff7f3a3a47d9942e675722ef5076/1000x1000-000000-80-0-0.jpg",
      "md5_image": "7e57ff7f3a3a47d9942e675722ef5076",
      "tracklist": "https://api.deezer.com/album/230640832/tracks",
      "type": "album"
    },
    "type": "track"
  },
  {
    "id": 1253711502,
    "title": "La kiffance",
    "title_short": "La kiffance",
    "title_version": "",
    "link": "https://www.deezer.com/track/1253711502",
    "duration": 179,
    "rank": 998563,
    "explicit_lyrics": true,
    "explicit_content_lyrics": 0,
    "explicit_content_cover": 0,
    "preview": "https://cdns-preview-d.dzcdn.net/stream/c-df6977f93944728acc7db2f4866abfa0-4.mp3",
    "md5_image": "0846f00620ad172c934e89bcad774388",
    "position": 2,
    "artist": {
      "id": 4842061,
      "name": "Naps",
      "link": "https://www.deezer.com/artist/4842061",
      "picture": "https://api.deezer.com/artist/4842061/image",
      "picture_small": "https://cdns-images.dzcdn.net/images/artist/fbb7269c7bf6116e9e18a255ff951e92/56x56-000000-80-0-0.jpg",
      "picture_medium": "https://cdns-images.dzcdn.net/images/artist/fbb7269c7bf6116e9e18a255ff951e92/250x250-000000-80-0-0.jpg",
      "picture_big": "https://cdns-images.dzcdn.net/images/artist/fbb7269c7bf6116e9e18a255ff951e92/500x500-000000-80-0-0.jpg",
      "picture_xl": "https://cdns-images.dzcdn.net/images/artist/fbb7269c7bf6116e9e18a255ff951e92/1000x1000-000000-80-0-0.jpg",
      "radio": true,
      "tracklist": "https://api.deezer.com/artist/4842061/top?limit=50",
      "type": "artist"
    },
    "album": {
      "id": 209875192,
      "title": "La kiffance",
      "cover": "https://api.deezer.com/album/209875192/image",
      "cover_small": "https://cdns-images.dzcdn.net/images/cover/0846f00620ad172c934e89bcad774388/56x56-000000-80-0-0.jpg",
      "cover_medium": "https://cdns-images.dzcdn.net/images/cover/0846f00620ad172c934e89bcad774388/250x250-000000-80-0-0.jpg",
      "cover_big": "https://cdns-images.dzcdn.net/images/cover/0846f00620ad172c934e89bcad774388/500x500-000000-80-0-0.jpg",
      "cover_xl": "https://cdns-images.dzcdn.net/images/cover/0846f00620ad172c934e89bcad774388/1000x1000-000000-80-0-0.jpg",
      "md5_image": "0846f00620ad172c934e89bcad774388",
      "tracklist": "https://api.deezer.com/album/209875192/tracks",
      "type": "album"
    },
    "type": "track"
  },
  {
    "id": 1379872512,
    "title": "Bimbo",
    "title_short": "Bimbo",
    "title_version": "",
    "link": "https://www.deezer.com/track/1379872512",
    "duration": 163,
    "rank": 977632,
    "explicit_lyrics": true,
    "explicit_content_lyrics": 0,
    "explicit_content_cover": 0,
    "preview": "https://cdns-preview-f.dzcdn.net/stream/c-f948c6d7fb81a34d16d1b24120803d19-4.mp3",
    "md5_image": "8d6fed4a9011a0a0b956d90d903d0394",
    "position": 3,
    "artist": {
      "id": 9134960,
      "name": "Marwa Loud",
      "link": "https://www.deezer.com/artist/9134960",
      "picture": "https://api.deezer.com/artist/9134960/image",
      "picture_small": "https://cdns-images.dzcdn.net/images/artist/11b7d4ad66336419228333b920c8077d/56x56-000000-80-0-0.jpg",
      "picture_medium": "https://cdns-images.dzcdn.net/images/artist/11b7d4ad66336419228333b920c8077d/250x250-000000-80-0-0.jpg",
      "picture_big": "https://cdns-images.dzcdn.net/images/artist/11b7d4ad66336419228333b920c8077d/500x500-000000-80-0-0.jpg",
      "picture_xl": "https://cdns-images.dzcdn.net/images/artist/11b7d4ad66336419228333b920c8077d/1000x1000-000000-80-0-0.jpg",
      "radio": true,
      "tracklist": "https://api.deezer.com/artist/9134960/top?limit=50",
      "type": "artist"
    },
    "album": {
      "id": 231894342,
      "title": "Bimbo",
      "cover": "https://api.deezer.com/album/231894342/image",
      "cover_small": "https://cdns-images.dzcdn.net/images/cover/8d6fed4a9011a0a0b956d90d903d0394/56x56-000000-80-0-0.jpg",
      "cover_medium": "https://cdns-images.dzcdn.net/images/cover/8d6fed4a9011a0a0b956d90d903d0394/250x250-000000-80-0-0.jpg",
      "cover_big": "https://cdns-images.dzcdn.net/images/cover/8d6fed4a9011a0a0b956d90d903d0394/500x500-000000-80-0-0.jpg",
      "cover_xl": "https://cdns-images.dzcdn.net/images/cover/8d6fed4a9011a0a0b956d90d903d0394/1000x1000-000000-80-0-0.jpg",
      "md5_image": "8d6fed4a9011a0a0b956d90d903d0394",
      "tracklist": "https://api.deezer.com/album/231894342/tracks",
      "type": "album"
    },
    "type": "track"
  },
  {
    "id": 1382728252,
    "title": "Afro Trap Part. 11 (King Kong)",
    "title_short": "Afro Trap Part. 11 (King Kong)",
    "title_version": "",
    "link": "https://www.deezer.com/track/1382728252",
    "duration": 154,
    "rank": 996876,
    "explicit_lyrics": true,
    "explicit_content_lyrics": 0,
    "explicit_content_cover": 0,
    "preview": "https://cdns-preview-e.dzcdn.net/stream/c-ec1c9ac8e7385613b2831f7d95b24ac8-3.mp3",
    "md5_image": "082a438be7d6ba4822d53b083a75afdc",
    "position": 4,
    "artist": {
      "id": 881751,
      "name": "MHD",
      "link": "https://www.deezer.com/artist/881751",
      "picture": "https://api.deezer.com/artist/881751/image",
      "picture_small": "https://cdns-images.dzcdn.net/images/artist/01dbf2adc7027860c962a7f2dc1e096b/56x56-000000-80-0-0.jpg",
      "picture_medium": "https://cdns-images.dzcdn.net/images/artist/01dbf2adc7027860c962a7f2dc1e096b/250x250-000000-80-0-0.jpg",
      "picture_big": "https://cdns-images.dzcdn.net/images/artist/01dbf2adc7027860c962a7f2dc1e096b/500x500-000000-80-0-0.jpg",
      "picture_xl": "https://cdns-images.dzcdn.net/images/artist/01dbf2adc7027860c962a7f2dc1e096b/1000x1000-000000-80-0-0.jpg",
      "radio": true,
      "tracklist": "https://api.deezer.com/artist/881751/top?limit=50",
      "type": "artist"
    },
    "album": {
      "id": 232597652,
      "title": "Afro Trap Part. 11 (King Kong)",
      "cover": "https://api.deezer.com/album/232597652/image",
      "cover_small": "https://cdns-images.dzcdn.net/images/cover/082a438be7d6ba4822d53b083a75afdc/56x56-000000-80-0-0.jpg",
      "cover_medium": "https://cdns-images.dzcdn.net/images/cover/082a438be7d6ba4822d53b083a75afdc/250x250-000000-80-0-0.jpg",
      "cover_big": "https://cdns-images.dzcdn.net/images/cover/082a438be7d6ba4822d53b083a75afdc/500x500-000000-80-0-0.jpg",
      "cover_xl": "https://cdns-images.dzcdn.net/images/cover/082a438be7d6ba4822d53b083a75afdc/1000x1000-000000-80-0-0.jpg",
      "md5_image": "082a438be7d6ba4822d53b083a75afdc",
      "tracklist": "https://api.deezer.com/album/232597652/tracks",
      "type": "album"
    },
    "type": "track"
  },
  {
    "id": 1285255082,
    "title": "La Seleçao",
    "title_short": "La Seleçao",
    "title_version": "",
    "link": "https://www.deezer.com/track/1285255082",
    "duration": 197,
    "rank": 997297,
    "explicit_lyrics": true,
    "explicit_content_lyrics": 0,
    "explicit_content_cover": 0,
    "preview": "https://cdns-preview-f.dzcdn.net/stream/c-fc15994075b890ab3251bbde9edb3008-4.mp3",
    "md5_image": "dba868b199eaf09357a4d02c8bdf641f",
    "position": 5,
    "artist": {
      "id": 259729,
      "name": "Alonzo",
      "link": "https://www.deezer.com/artist/259729",
      "picture": "https://api.deezer.com/artist/259729/image",
      "picture_small": "https://cdns-images.dzcdn.net/images/artist/2fd32e1826adc0f411e38ab212a65d96/56x56-000000-80-0-0.jpg",
      "picture_medium": "https://cdns-images.dzcdn.net/images/artist/2fd32e1826adc0f411e38ab212a65d96/250x250-000000-80-0-0.jpg",
      "picture_big": "https://cdns-images.dzcdn.net/images/artist/2fd32e1826adc0f411e38ab212a65d96/500x500-000000-80-0-0.jpg",
      "picture_xl": "https://cdns-images.dzcdn.net/images/artist/2fd32e1826adc0f411e38ab212a65d96/1000x1000-000000-80-0-0.jpg",
      "radio": true,
      "tracklist": "https://api.deezer.com/artist/259729/top?limit=50",
      "type": "artist"
    },
    "album": {
      "id": 217270492,
      "title": "Capo Dei Capi Vol. II & III",
      "cover": "https://api.deezer.com/album/217270492/image",
      "cover_small": "https://cdns-images.dzcdn.net/images/cover/dba868b199eaf09357a4d02c8bdf641f/56x56-000000-80-0-0.jpg",
      "cover_medium": "https://cdns-images.dzcdn.net/images/cover/dba868b199eaf09357a4d02c8bdf641f/250x250-000000-80-0-0.jpg",
      "cover_big": "https://cdns-images.dzcdn.net/images/cover/dba868b199eaf09357a4d02c8bdf641f/500x500-000000-80-0-0.jpg",
      "cover_xl": "https://cdns-images.dzcdn.net/images/cover/dba868b199eaf09357a4d02c8bdf641f/1000x1000-000000-80-0-0.jpg",
      "md5_image": "dba868b199eaf09357a4d02c8bdf641f",
      "tracklist": "https://api.deezer.com/album/217270492/tracks",
      "type": "album"
    },
    "type": "track"
  },
  {
    "id": 1374973042,
    "title": "Bobo",
    "title_short": "Bobo",
    "title_version": "",
    "link": "https://www.deezer.com/track/1374973042",
    "duration": 187,
    "rank": 979425,
    "explicit_lyrics": true,
    "explicit_content_lyrics": 0,
    "explicit_content_cover": 0,
    "preview": "https://cdns-preview-2.dzcdn.net/stream/c-2d95df1025ba31ffa01efb42a3d0fc9f-3.mp3",
    "md5_image": "150d7dcd543d42c69f373db867cb7d0a",
    "position": 6,
    "artist": {
      "id": 8909272,
      "name": "Aya Nakamura",
      "link": "https://www.deezer.com/artist/8909272",
      "picture": "https://api.deezer.com/artist/8909272/image",
      "picture_small": "https://cdns-images.dzcdn.net/images/artist/188fbcf0bf72faf5b1c8b1a786db0aa7/56x56-000000-80-0-0.jpg",
      "picture_medium": "https://cdns-images.dzcdn.net/images/artist/188fbcf0bf72faf5b1c8b1a786db0aa7/250x250-000000-80-0-0.jpg",
      "picture_big": "https://cdns-images.dzcdn.net/images/artist/188fbcf0bf72faf5b1c8b1a786db0aa7/500x500-000000-80-0-0.jpg",
      "picture_xl": "https://cdns-images.dzcdn.net/images/artist/188fbcf0bf72faf5b1c8b1a786db0aa7/1000x1000-000000-80-0-0.jpg",
      "radio": true,
      "tracklist": "https://api.deezer.com/artist/8909272/top?limit=50",
      "type": "artist"
    },
    "album": {
      "id": 230774522,
      "title": "Bobo",
      "cover": "https://api.deezer.com/album/230774522/image",
      "cover_small": "https://cdns-images.dzcdn.net/images/cover/150d7dcd543d42c69f373db867cb7d0a/56x56-000000-80-0-0.jpg",
      "cover_medium": "https://cdns-images.dzcdn.net/images/cover/150d7dcd543d42c69f373db867cb7d0a/250x250-000000-80-0-0.jpg",
      "cover_big": "https://cdns-images.dzcdn.net/images/cover/150d7dcd543d42c69f373db867cb7d0a/500x500-000000-80-0-0.jpg",
      "cover_xl": "https://cdns-images.dzcdn.net/images/cover/150d7dcd543d42c69f373db867cb7d0a/1000x1000-000000-80-0-0.jpg",
      "md5_image": "150d7dcd543d42c69f373db867cb7d0a",
      "tracklist": "https://api.deezer.com/album/230774522/tracks",
      "type": "album"
    },
    "type": "track"
  },
  {
    "id": 1283264142,
    "title": "MONTERO (Call Me By Your Name)",
    "title_short": "MONTERO (Call Me By Your Name)",
    "title_version": "",
    "link": "https://www.deezer.com/track/1283264142",
    "duration": 137,
    "rank": 991146,
    "explicit_lyrics": true,
    "explicit_content_lyrics": 0,
    "explicit_content_cover": 0,
    "preview": "https://cdns-preview-9.dzcdn.net/stream/c-95126e9358882bea254343a5f33d3521-3.mp3",
    "md5_image": "fc939e4030254f80bd90b616f2a1d0a6",
    "position": 7,
    "artist": {
      "id": 15166511,
      "name": "Lil Nas X",
      "link": "https://www.deezer.com/artist/15166511",
      "picture": "https://api.deezer.com/artist/15166511/image",
      "picture_small": "https://cdns-images.dzcdn.net/images/artist/e645a215208b825df07277d80299758d/56x56-000000-80-0-0.jpg",
      "picture_medium": "https://cdns-images.dzcdn.net/images/artist/e645a215208b825df07277d80299758d/250x250-000000-80-0-0.jpg",
      "picture_big": "https://cdns-images.dzcdn.net/images/artist/e645a215208b825df07277d80299758d/500x500-000000-80-0-0.jpg",
      "picture_xl": "https://cdns-images.dzcdn.net/images/artist/e645a215208b825df07277d80299758d/1000x1000-000000-80-0-0.jpg",
      "radio": true,
      "tracklist": "https://api.deezer.com/artist/15166511/top?limit=50",
      "type": "artist"
    },
    "album": {
      "id": 216775702,
      "title": "MONTERO (Call Me By Your Name)",
      "cover": "https://api.deezer.com/album/216775702/image",
      "cover_small": "https://cdns-images.dzcdn.net/images/cover/fc939e4030254f80bd90b616f2a1d0a6/56x56-000000-80-0-0.jpg",
      "cover_medium": "https://cdns-images.dzcdn.net/images/cover/fc939e4030254f80bd90b616f2a1d0a6/250x250-000000-80-0-0.jpg",
      "cover_big": "https://cdns-images.dzcdn.net/images/cover/fc939e4030254f80bd90b616f2a1d0a6/500x500-000000-80-0-0.jpg",
      "cover_xl": "https://cdns-images.dzcdn.net/images/cover/fc939e4030254f80bd90b616f2a1d0a6/1000x1000-000000-80-0-0.jpg",
      "md5_image": "fc939e4030254f80bd90b616f2a1d0a6",
      "tracklist": "https://api.deezer.com/album/216775702/tracks",
      "type": "album"
    },
    "type": "track"
  },
  {
    "id": 1273087792,
    "title": "Vroum Vroum",
    "title_short": "Vroum Vroum",
    "title_version": "",
    "link": "https://www.deezer.com/track/1273087792",
    "duration": 186,
    "rank": 997016,
    "explicit_lyrics": true,
    "explicit_content_lyrics": 0,
    "explicit_content_cover": 0,
    "preview": "https://cdns-preview-1.dzcdn.net/stream/c-1483af482dd7a0622638ecb92b97c0dd-3.mp3",
    "md5_image": "2181e22e3d6140f23c71b0c989cc5d22",
    "position": 8,
    "artist": {
      "id": 73205432,
      "name": "Moha K",
      "link": "https://www.deezer.com/artist/73205432",
      "picture": "https://api.deezer.com/artist/73205432/image",
      "picture_small": "https://cdns-images.dzcdn.net/images/artist/c0d8a0bfdf69421f54149d2dc0a44322/56x56-000000-80-0-0.jpg",
      "picture_medium": "https://cdns-images.dzcdn.net/images/artist/c0d8a0bfdf69421f54149d2dc0a44322/250x250-000000-80-0-0.jpg",
      "picture_big": "https://cdns-images.dzcdn.net/images/artist/c0d8a0bfdf69421f54149d2dc0a44322/500x500-000000-80-0-0.jpg",
      "picture_xl": "https://cdns-images.dzcdn.net/images/artist/c0d8a0bfdf69421f54149d2dc0a44322/1000x1000-000000-80-0-0.jpg",
      "radio": true,
      "tracklist": "https://api.deezer.com/artist/73205432/top?limit=50",
      "type": "artist"
    },
    "album": {
      "id": 214255412,
      "title": "Vroum Vroum",
      "cover": "https://api.deezer.com/album/214255412/image",
      "cover_small": "https://cdns-images.dzcdn.net/images/cover/2181e22e3d6140f23c71b0c989cc5d22/56x56-000000-80-0-0.jpg",
      "cover_medium": "https://cdns-images.dzcdn.net/images/cover/2181e22e3d6140f23c71b0c989cc5d22/250x250-000000-80-0-0.jpg",
      "cover_big": "https://cdns-images.dzcdn.net/images/cover/2181e22e3d6140f23c71b0c989cc5d22/500x500-000000-80-0-0.jpg",
      "cover_xl": "https://cdns-images.dzcdn.net/images/cover/2181e22e3d6140f23c71b0c989cc5d22/1000x1000-000000-80-0-0.jpg",
      "md5_image": "2181e22e3d6140f23c71b0c989cc5d22",
      "tracklist": "https://api.deezer.com/album/214255412/tracks",
      "type": "album"
    },
    "type": "track"
  },
  {
    "id": 1393203982,
    "title": "Alors la zone",
    "title_short": "Alors la zone",
    "title_version": "",
    "link": "https://www.deezer.com/track/1393203982",
    "duration": 206,
    "rank": 997833,
    "explicit_lyrics": true,
    "explicit_content_lyrics": 0,
    "explicit_content_cover": 0,
    "preview": "https://cdns-preview-a.dzcdn.net/stream/c-afa0908b79f5d318d8ffd2af08fd9ce5-3.mp3",
    "md5_image": "bbbdd300b8ac1211d4af1278f5cab52f",
    "position": 9,
    "artist": {
      "id": 1191615,
      "name": "Jul",
      "link": "https://www.deezer.com/artist/1191615",
      "picture": "https://api.deezer.com/artist/1191615/image",
      "picture_small": "https://cdns-images.dzcdn.net/images/artist/bc62caffd1b9a8f721234722cf715fff/56x56-000000-80-0-0.jpg",
      "picture_medium": "https://cdns-images.dzcdn.net/images/artist/bc62caffd1b9a8f721234722cf715fff/250x250-000000-80-0-0.jpg",
      "picture_big": "https://cdns-images.dzcdn.net/images/artist/bc62caffd1b9a8f721234722cf715fff/500x500-000000-80-0-0.jpg",
      "picture_xl": "https://cdns-images.dzcdn.net/images/artist/bc62caffd1b9a8f721234722cf715fff/1000x1000-000000-80-0-0.jpg",
      "radio": true,
      "tracklist": "https://api.deezer.com/artist/1191615/top?limit=50",
      "type": "artist"
    },
    "album": {
      "id": 234793342,
      "title": "Alors la zone",
      "cover": "https://api.deezer.com/album/234793342/image",
      "cover_small": "https://cdns-images.dzcdn.net/images/cover/bbbdd300b8ac1211d4af1278f5cab52f/56x56-000000-80-0-0.jpg",
      "cover_medium": "https://cdns-images.dzcdn.net/images/cover/bbbdd300b8ac1211d4af1278f5cab52f/250x250-000000-80-0-0.jpg",
      "cover_big": "https://cdns-images.dzcdn.net/images/cover/bbbdd300b8ac1211d4af1278f5cab52f/500x500-000000-80-0-0.jpg",
      "cover_xl": "https://cdns-images.dzcdn.net/images/cover/bbbdd300b8ac1211d4af1278f5cab52f/1000x1000-000000-80-0-0.jpg",
      "md5_image": "bbbdd300b8ac1211d4af1278f5cab52f",
      "tracklist": "https://api.deezer.com/album/234793342/tracks",
      "type": "album"
    },
    "type": "track"
  },
  {
    "id": 1247777092,
    "title": "Le temps",
    "title_short": "Le temps",
    "title_version": "",
    "link": "https://www.deezer.com/track/1247777092",
    "duration": 197,
    "rank": 1000000,
    "explicit_lyrics": false,
    "explicit_content_lyrics": 0,
    "explicit_content_cover": 0,
    "preview": "https://cdns-preview-0.dzcdn.net/stream/c-05a67f19190bf85f9be24558cbf57686-3.mp3",
    "md5_image": "c59a12b15b55891cad80c7ff387f5c90",
    "position": 10,
    "artist": {
      "id": 12526056,
      "name": "Tayc",
      "link": "https://www.deezer.com/artist/12526056",
      "picture": "https://api.deezer.com/artist/12526056/image",
      "picture_small": "https://cdns-images.dzcdn.net/images/artist/a4cce0cd41ef227b39971ec642d4a458/56x56-000000-80-0-0.jpg",
      "picture_medium": "https://cdns-images.dzcdn.net/images/artist/a4cce0cd41ef227b39971ec642d4a458/250x250-000000-80-0-0.jpg",
      "picture_big": "https://cdns-images.dzcdn.net/images/artist/a4cce0cd41ef227b39971ec642d4a458/500x500-000000-80-0-0.jpg",
      "picture_xl": "https://cdns-images.dzcdn.net/images/artist/a4cce0cd41ef227b39971ec642d4a458/1000x1000-000000-80-0-0.jpg",
      "radio": true,
      "tracklist": "https://api.deezer.com/artist/12526056/top?limit=50",
      "type": "artist"
    },
    "album": {
      "id": 208456942,
      "title": "Fleur froide (Donum Novae)",
      "cover": "https://api.deezer.com/album/208456942/image",
      "cover_small": "https://cdns-images.dzcdn.net/images/cover/c59a12b15b55891cad80c7ff387f5c90/56x56-000000-80-0-0.jpg",
      "cover_medium": "https://cdns-images.dzcdn.net/images/cover/c59a12b15b55891cad80c7ff387f5c90/250x250-000000-80-0-0.jpg",
      "cover_big": "https://cdns-images.dzcdn.net/images/cover/c59a12b15b55891cad80c7ff387f5c90/500x500-000000-80-0-0.jpg",
      "cover_xl": "https://cdns-images.dzcdn.net/images/cover/c59a12b15b55891cad80c7ff387f5c90/1000x1000-000000-80-0-0.jpg",
      "md5_image": "c59a12b15b55891cad80c7ff387f5c90",
      "tracklist": "https://api.deezer.com/album/208456942/tracks",
      "type": "album"
    },
    "type": "track"
  }
]